{"cameraMode":{"drawMode":0,"name":"Shaded","section":"Shading Mode"},"sceneLighting":false,"audioPlay":false,"sceneViewState":{"m_AlwaysRefresh":false,"showFog":true,"showSkybox":false,"showFlares":true,"showImageEffects":true,"showParticleSystems":true,"showVisualEffectGraphs":true,"m_FxEnabled":true},"in2DMode":false,"pivot":{"x":-41.574928283691409,"y":18.505651473999025,"z":3.3034510612487795},"rotation":{"x":0.051859818398952487,"y":-0.9447392821311951,"z":0.26636257767677309,"w":0.18393802642822267},"size":83.55889129638672,"orthographic":false}