{"cameraMode":{"drawMode":0,"name":"Shaded","section":"Shading Mode"},"sceneLighting":true,"audioPlay":false,"sceneViewState":{"m_AlwaysRefresh":false,"showFog":true,"showSkybox":true,"showFlares":true,"showImageEffects":true,"showParticleSystems":true,"showVisualEffectGraphs":true,"m_FxEnabled":true},"in2DMode":false,"pivot":{"x":7.1638264656066898,"y":26.14217758178711,"z":-1.5183429718017579},"rotation":{"x":-0.3063105046749115,"y":0.07544005662202835,"z":-0.024777740240097047,"w":-0.9487716555595398},"size":2.6673617362976076,"orthographic":false}