{"cameraMode":{"drawMode":0,"name":"Shaded","section":"Shading Mode"},"sceneLighting":true,"audioPlay":false,"sceneViewState":{"m_AlwaysRefresh":false,"showFog":true,"showSkybox":true,"showFlares":true,"showImageEffects":true,"showParticleSystems":true,"showVisualEffectGraphs":true,"m_FxEnabled":true},"in2DMode":false,"pivot":{"x":383.1124267578125,"y":161.17343139648438,"z":69.08074188232422},"rotation":{"x":0.006054649129509926,"y":0.9772388339042664,"z":-0.2101401835680008,"w":0.028153087943792344},"size":190.395263671875,"orthographic":false}